Donor_ID,Name,Age,Gender,Blood_Group,City,Phone,Donation_Count,Last_Donation_Year,Availability
D1001,Donor_D1001,47,Female,O+,Kolkata,XXXXXXXXXX,8,2023,Not Available
D1002,Donor_D1002,22,Female,O+,Pune,XXXXXXXXXX,5,2025,Available
D1003,Donor_D1003,29,Female,O-,Noida,XXXXXXXXXX,3,2025,Available
D1004,Donor_D1004,33,Female,O+,Pune,XXXXXXXXXX,6,2022,Available
D1005,Donor_D1005,43,Female,B+,Lucknow,XXXXXXXXXX,4,2025,Available
D1006,Donor_D1006,43,Female,AB-,Jaipur,XXXXXXXXXX,9,2022,Not Available
D1007,Donor_D1007,38,Female,O-,Lucknow,XXXXXXXXXX,3,2025,Not Available
D1008,Donor_D1008,56,Female,O-,Delhi,XXXXXXXXXX,4,2025,Not Available
D1009,Donor_D1009,53,Male,B-,Lucknow,XXXXXXXXXX,7,2022,Not Available
D1010,Donor_D1010,50,Female,O-,Delhi,XXXXXXXXXX,7,2024,Not Available
D1011,Donor_D1011,47,Female,B-,Delhi,XXXXXXXXXX,4,2025,Not Available
D1012,Donor_D1012,54,Female,O-,Noida,XXXXXXXXXX,6,2023,Not Available
D1013,Donor_D1013,40,Female,A+,Pune,XXXXXXXXXX,3,2024,Not Available
D1014,Donor_D1014,27,Female,B+,Kolkata,XXXXXXXXXX,6,2022,Not Available
D1015,Donor_D1015,22,Female,O-,Lucknow,XXXXXXXXXX,2,2024,Not Available
D1016,Donor_D1016,53,Female,B+,Jaipur,XXXXXXXXXX,8,2021,Not Available
D1017,Donor_D1017,51,Female,B+,Delhi,XXXXXXXXXX,2,2021,Not Available
D1018,Donor_D1018,48,Female,AB+,Pune,XXXXXXXXXX,7,2025,Not Available
D1019,Donor_D1019,27,Female,O-,Mumbai,XXXXXXXXXX,9,2025,Not Available
D1020,Donor_D1020,36,Female,A-,Indore,XXXXXXXXXX,1,2023,Not Available
D1021,Donor_D1021,49,Male,AB+,Noida,XXXXXXXXXX,8,2024,Not Available
D1022,Donor_D1022,18,Male,A-,Kolkata,XXXXXXXXXX,7,2021,Available
D1023,Donor_D1023,22,Female,B+,Bhopal,XXXXXXXXXX,6,2025,Not Available
D1024,Donor_D1024,21,Female,B+,Noida,XXXXXXXXXX,6,2024,Available
D1025,Donor_D1025,33,Male,AB+,Mumbai,XXXXXXXXXX,6,2025,Not Available
D1026,Donor_D1026,41,Female,AB+,Indore,XXXXXXXXXX,9,2025,Not Available
D1027,Donor_D1027,33,Male,A-,Mumbai,XXXXXXXXXX,2,2021,Available
D1028,Donor_D1028,19,Male,B-,Lucknow,XXXXXXXXXX,1,2021,Not Available
D1029,Donor_D1029,45,Male,A-,Delhi,XXXXXXXXXX,6,2025,Available
D1030,Donor_D1030,49,Male,AB+,Kolkata,XXXXXXXXXX,10,2022,Available
D1031,Donor_D1031,44,Male,AB-,Chandigarh,XXXXXXXXXX,8,2025,Available
D1032,Donor_D1032,37,Female,AB+,Delhi,XXXXXXXXXX,3,2025,Not Available
D1033,Donor_D1033,41,Male,AB-,Chandigarh,XXXXXXXXXX,10,2023,Not Available
D1034,Donor_D1034,29,Female,A+,Indore,XXXXXXXXXX,1,2023,Not Available
D1035,Donor_D1035,52,Female,AB+,Pune,XXXXXXXXXX,9,2023,Available
D1036,Donor_D1036,50,Male,A+,Bhopal,XXXXXXXXXX,1,2022,Available
D1037,Donor_D1037,50,Male,B-,Jaipur,XXXXXXXXXX,3,2022,Not Available
D1038,Donor_D1038,60,Female,A-,Delhi,XXXXXXXXXX,8,2025,Not Available
D1039,Donor_D1039,54,Male,AB-,Kolkata,XXXXXXXXXX,3,2023,Not Available
D1040,Donor_D1040,29,Male,A-,Mumbai,XXXXXXXXXX,4,2022,Not Available
D1041,Donor_D1041,20,Female,A+,Kolkata,XXXXXXXXXX,8,2021,Not Available
D1042,Donor_D1042,18,Female,AB-,Indore,XXXXXXXXXX,1,2025,Available
D1043,Donor_D1043,50,Male,A-,Chandigarh,XXXXXXXXXX,6,2024,Available
D1044,Donor_D1044,57,Female,AB+,Mumbai,XXXXXXXXXX,1,2025,Available
D1045,Donor_D1045,27,Male,B+,Jaipur,XXXXXXXXXX,1,2024,Not Available
D1046,Donor_D1046,60,Male,A+,Jaipur,XXXXXXXXXX,8,2023,Available
D1047,Donor_D1047,46,Male,A-,Delhi,XXXXXXXXXX,4,2024,Available
D1048,Donor_D1048,30,Female,A+,Indore,XXXXXXXXXX,1,2023,Available
D1049,Donor_D1049,29,Female,O+,Pune,XXXXXXXXXX,10,2021,Available
D1050,Donor_D1050,48,Female,A+,Indore,XXXXXXXXXX,7,2024,Available
D1051,Donor_D1051,19,Female,AB-,Chandigarh,XXXXXXXXXX,5,2025,Not Available
D1052,Donor_D1052,52,Female,O+,Kolkata,XXXXXXXXXX,5,2023,Available
D1053,Donor_D1053,40,Male,O-,Jaipur,XXXXXXXXXX,1,2025,Not Available
D1054,Donor_D1054,34,Male,AB-,Kolkata,XXXXXXXXXX,10,2022,Not Available
D1055,Donor_D1055,43,Male,B+,Kolkata,XXXXXXXXXX,6,2023,Not Available
D1056,Donor_D1056,25,Male,O+,Kolkata,XXXXXXXXXX,9,2024,Not Available
D1057,Donor_D1057,46,Female,O-,Jaipur,XXXXXXXXXX,9,2023,Not Available
D1058,Donor_D1058,43,Male,AB+,Noida,XXXXXXXXXX,8,2025,Available
D1059,Donor_D1059,27,Female,A+,Lucknow,XXXXXXXXXX,5,2021,Available
D1060,Donor_D1060,43,Male,A-,Chandigarh,XXXXXXXXXX,1,2023,Not Available
D1061,Donor_D1061,51,Female,B-,Noida,XXXXXXXXXX,9,2024,Not Available
D1062,Donor_D1062,58,Female,A+,Chandigarh,XXXXXXXXXX,1,2022,Not Available
D1063,Donor_D1063,24,Male,O-,Mumbai,XXXXXXXXXX,8,2021,Available
D1064,Donor_D1064,21,Male,A+,Indore,XXXXXXXXXX,5,2022,Not Available
D1065,Donor_D1065,28,Male,B+,Indore,XXXXXXXXXX,3,2023,Available
D1066,Donor_D1066,46,Male,AB+,Bhopal,XXXXXXXXXX,7,2025,Not Available
D1067,Donor_D1067,53,Female,B-,Indore,XXXXXXXXXX,7,2025,Available
D1068,Donor_D1068,42,Male,O+,Jaipur,XXXXXXXXXX,9,2024,Not Available
D1069,Donor_D1069,38,Male,O+,Pune,XXXXXXXXXX,7,2025,Available
D1070,Donor_D1070,53,Female,O+,Delhi,XXXXXXXXXX,3,2021,Not Available
D1071,Donor_D1071,27,Male,O-,Bhopal,XXXXXXXXXX,1,2025,Available
D1072,Donor_D1072,54,Male,AB-,Delhi,XXXXXXXXXX,8,2024,Available
D1073,Donor_D1073,26,Male,AB-,Chandigarh,XXXXXXXXXX,3,2023,Available
D1074,Donor_D1074,41,Male,A-,Delhi,XXXXXXXXXX,8,2023,Available
D1075,Donor_D1075,52,Male,B-,Delhi,XXXXXXXXXX,8,2025,Available
D1076,Donor_D1076,52,Female,O+,Bhopal,XXXXXXXXXX,5,2022,Available
D1077,Donor_D1077,53,Male,AB-,Mumbai,XXXXXXXXXX,1,2023,Available
D1078,Donor_D1078,35,Male,O-,Kolkata,XXXXXXXXXX,10,2025,Not Available
D1079,Donor_D1079,56,Male,A-,Indore,XXXXXXXXXX,7,2024,Not Available
D1080,Donor_D1080,49,Male,AB+,Indore,XXXXXXXXXX,10,2025,Not Available
D1081,Donor_D1081,41,Male,A-,Jaipur,XXXXXXXXXX,5,2023,Not Available
D1082,Donor_D1082,40,Female,AB-,Bhopal,XXXXXXXXXX,8,2024,Not Available
D1083,Donor_D1083,49,Male,B+,Jaipur,XXXXXXXXXX,9,2025,Available
D1084,Donor_D1084,54,Female,O-,Pune,XXXXXXXXXX,7,2021,Available
D1085,Donor_D1085,29,Female,B+,Pune,XXXXXXXXXX,7,2024,Available
D1086,Donor_D1086,30,Male,O+,Jaipur,XXXXXXXXXX,1,2021,Available
D1087,Donor_D1087,40,Male,B+,Bhopal,XXXXXXXXXX,4,2022,Available
D1088,Donor_D1088,42,Male,O+,Jaipur,XXXXXXXXXX,2,2024,Not Available
D1089,Donor_D1089,52,Male,O+,Indore,XXXXXXXXXX,2,2021,Not Available
D1090,Donor_D1090,58,Female,AB-,Noida,XXXXXXXXXX,2,2023,Not Available
D1091,Donor_D1091,47,Male,B+,Lucknow,XXXXXXXXXX,4,2023,Not Available
D1092,Donor_D1092,34,Male,O+,Delhi,XXXXXXXXXX,1,2022,Available
D1093,Donor_D1093,37,Male,B-,Lucknow,XXXXXXXXXX,4,2024,Available
D1094,Donor_D1094,42,Male,AB+,Bhopal,XXXXXXXXXX,2,2024,Available
D1095,Donor_D1095,39,Male,A-,Lucknow,XXXXXXXXXX,5,2024,Not Available
D1096,Donor_D1096,30,Male,A-,Pune,XXXXXXXXXX,3,2022,Available
D1097,Donor_D1097,36,Female,AB-,Chandigarh,XXXXXXXXXX,8,2024,Not Available
D1098,Donor_D1098,53,Female,B+,Delhi,XXXXXXXXXX,4,2023,Available
D1099,Donor_D1099,29,Male,B+,Kolkata,XXXXXXXXXX,1,2021,Available
D1100,Donor_D1100,58,Male,O+,Bhopal,XXXXXXXXXX,1,2023,Not Available
D1101,Donor_D1101,36,Male,O-,Delhi,XXXXXXXXXX,10,2023,Available
D1102,Donor_D1102,29,Female,A+,Lucknow,XXXXXXXXXX,3,2021,Available
D1103,Donor_D1103,26,Male,O+,Pune,XXXXXXXXXX,9,2023,Not Available
D1104,Donor_D1104,24,Female,AB+,Mumbai,XXXXXXXXXX,7,2022,Available
D1105,Donor_D1105,45,Male,B-,Noida,XXXXXXXXXX,2,2021,Not Available
D1106,Donor_D1106,31,Male,A-,Kolkata,XXXXXXXXXX,9,2023,Available
D1107,Donor_D1107,48,Male,O+,Noida,XXXXXXXXXX,10,2025,Available
D1108,Donor_D1108,36,Male,A+,Delhi,XXXXXXXXXX,2,2023,Available
D1109,Donor_D1109,33,Female,A+,Pune,XXXXXXXXXX,3,2022,Available
D1110,Donor_D1110,22,Female,O+,Pune,XXXXXXXXXX,10,2024,Available
D1111,Donor_D1111,52,Male,AB-,Lucknow,XXXXXXXXXX,2,2023,Available
D1112,Donor_D1112,29,Male,A-,Indore,XXXXXXXXXX,3,2024,Available
D1113,Donor_D1113,42,Female,AB-,Lucknow,XXXXXXXXXX,6,2025,Available
D1114,Donor_D1114,38,Female,B-,Indore,XXXXXXXXXX,9,2023,Not Available
D1115,Donor_D1115,53,Female,A+,Indore,XXXXXXXXXX,9,2021,Not Available
D1116,Donor_D1116,40,Female,A+,Kolkata,XXXXXXXXXX,7,2024,Available
D1117,Donor_D1117,33,Male,AB+,Lucknow,XXXXXXXXXX,3,2025,Available
D1118,Donor_D1118,56,Female,B-,Mumbai,XXXXXXXXXX,4,2021,Not Available
D1119,Donor_D1119,59,Male,A+,Jaipur,XXXXXXXXXX,6,2021,Available
D1120,Donor_D1120,56,Female,B-,Jaipur,XXXXXXXXXX,5,2021,Available
D1121,Donor_D1121,31,Female,A-,Lucknow,XXXXXXXXXX,2,2021,Not Available
D1122,Donor_D1122,48,Female,B+,Lucknow,XXXXXXXXXX,6,2023,Available
D1123,Donor_D1123,22,Female,A+,Noida,XXXXXXXXXX,3,2023,Available
D1124,Donor_D1124,52,Female,AB+,Kolkata,XXXXXXXXXX,8,2023,Not Available
D1125,Donor_D1125,40,Male,A-,Lucknow,XXXXXXXXXX,2,2025,Available
D1126,Donor_D1126,46,Male,O+,Noida,XXXXXXXXXX,1,2025,Available
D1127,Donor_D1127,60,Female,B-,Indore,XXXXXXXXXX,9,2025,Not Available
D1128,Donor_D1128,28,Female,O+,Pune,XXXXXXXXXX,3,2022,Available
D1129,Donor_D1129,35,Male,AB-,Pune,XXXXXXXXXX,1,2025,Not Available
D1130,Donor_D1130,29,Female,A-,Indore,XXXXXXXXXX,7,2023,Available
D1131,Donor_D1131,26,Female,O+,Bhopal,XXXXXXXXXX,10,2023,Available
D1132,Donor_D1132,27,Male,O-,Noida,XXXXXXXXXX,5,2022,Not Available
D1133,Donor_D1133,34,Female,O-,Noida,XXXXXXXXXX,5,2022,Not Available
D1134,Donor_D1134,55,Female,A+,Indore,XXXXXXXXXX,1,2025,Available
D1135,Donor_D1135,24,Male,B-,Mumbai,XXXXXXXXXX,9,2024,Not Available
D1136,Donor_D1136,30,Male,B+,Chandigarh,XXXXXXXXXX,7,2022,Not Available
D1137,Donor_D1137,57,Male,A-,Delhi,XXXXXXXXXX,8,2021,Available
D1138,Donor_D1138,59,Female,A+,Indore,XXXXXXXXXX,9,2023,Available
D1139,Donor_D1139,26,Male,AB+,Lucknow,XXXXXXXXXX,6,2021,Available
D1140,Donor_D1140,44,Male,AB-,Lucknow,XXXXXXXXXX,5,2023,Not Available
D1141,Donor_D1141,19,Male,B-,Kolkata,XXXXXXXXXX,6,2023,Not Available
D1142,Donor_D1142,22,Male,A-,Indore,XXXXXXXXXX,2,2022,Not Available
D1143,Donor_D1143,46,Male,O-,Kolkata,XXXXXXXXXX,4,2022,Not Available
D1144,Donor_D1144,54,Male,A-,Indore,XXXXXXXXXX,3,2021,Available
D1145,Donor_D1145,55,Female,B+,Noida,XXXXXXXXXX,7,2023,Not Available
D1146,Donor_D1146,36,Female,O-,Delhi,XXXXXXXXXX,9,2021,Available
D1147,Donor_D1147,25,Male,B+,Noida,XXXXXXXXXX,5,2024,Not Available
D1148,Donor_D1148,18,Male,AB+,Chandigarh,XXXXXXXXXX,6,2021,Available
D1149,Donor_D1149,39,Male,AB-,Pune,XXXXXXXXXX,10,2025,Available
D1150,Donor_D1150,34,Female,AB+,Jaipur,XXXXXXXXXX,2,2021,Available
D1151,Donor_D1151,24,Female,A+,Indore,XXXXXXXXXX,3,2025,Not Available
D1152,Donor_D1152,42,Female,A+,Chandigarh,XXXXXXXXXX,3,2025,Available
D1153,Donor_D1153,21,Female,AB+,Pune,XXXXXXXXXX,9,2025,Available
D1154,Donor_D1154,53,Female,AB-,Bhopal,XXXXXXXXXX,7,2024,Not Available
D1155,Donor_D1155,23,Female,AB+,Delhi,XXXXXXXXXX,8,2021,Available
D1156,Donor_D1156,48,Female,AB-,Kolkata,XXXXXXXXXX,10,2021,Not Available
D1157,Donor_D1157,36,Female,AB-,Kolkata,XXXXXXXXXX,9,2024,Not Available
D1158,Donor_D1158,56,Female,O+,Noida,XXXXXXXXXX,6,2023,Available
D1159,Donor_D1159,44,Male,O-,Lucknow,XXXXXXXXXX,4,2022,Available
D1160,Donor_D1160,27,Male,B-,Pune,XXXXXXXXXX,1,2021,Not Available
D1161,Donor_D1161,43,Male,AB-,Bhopal,XXXXXXXXXX,8,2022,Available
D1162,Donor_D1162,36,Male,B+,Chandigarh,XXXXXXXXXX,7,2024,Not Available
D1163,Donor_D1163,56,Female,AB-,Delhi,XXXXXXXXXX,2,2023,Not Available
D1164,Donor_D1164,20,Female,AB-,Pune,XXXXXXXXXX,8,2023,Not Available
D1165,Donor_D1165,30,Male,AB-,Bhopal,XXXXXXXXXX,5,2023,Available
D1166,Donor_D1166,45,Female,O+,Jaipur,XXXXXXXXXX,7,2024,Not Available
D1167,Donor_D1167,37,Male,O-,Indore,XXXXXXXXXX,4,2025,Available
D1168,Donor_D1168,45,Female,O+,Kolkata,XXXXXXXXXX,5,2025,Available
D1169,Donor_D1169,25,Male,A+,Chandigarh,XXXXXXXXXX,8,2022,Available
D1170,Donor_D1170,58,Female,O+,Kolkata,XXXXXXXXXX,1,2025,Available
D1171,Donor_D1171,56,Female,B+,Chandigarh,XXXXXXXXXX,1,2025,Not Available
D1172,Donor_D1172,18,Male,B+,Noida,XXXXXXXXXX,4,2023,Available
D1173,Donor_D1173,20,Female,O+,Lucknow,XXXXXXXXXX,3,2023,Not Available
D1174,Donor_D1174,30,Male,O-,Chandigarh,XXXXXXXXXX,10,2022,Not Available
D1175,Donor_D1175,45,Male,AB+,Kolkata,XXXXXXXXXX,2,2021,Available
D1176,Donor_D1176,42,Male,B-,Noida,XXXXXXXXXX,3,2022,Not Available
D1177,Donor_D1177,50,Male,O-,Chandigarh,XXXXXXXXXX,1,2022,Not Available
D1178,Donor_D1178,55,Female,O+,Jaipur,XXXXXXXXXX,1,2024,Available
D1179,Donor_D1179,23,Female,AB-,Lucknow,XXXXXXXXXX,6,2024,Not Available
D1180,Donor_D1180,49,Female,A-,Chandigarh,XXXXXXXXXX,5,2022,Not Available
D1181,Donor_D1181,38,Male,B-,Noida,XXXXXXXXXX,8,2022,Not Available
D1182,Donor_D1182,33,Female,B-,Pune,XXXXXXXXXX,2,2022,Not Available
D1183,Donor_D1183,38,Male,B+,Mumbai,XXXXXXXXXX,4,2025,Available
D1184,Donor_D1184,28,Female,B-,Bhopal,XXXXXXXXXX,8,2024,Not Available
D1185,Donor_D1185,54,Female,O+,Mumbai,XXXXXXXXXX,6,2022,Not Available
D1186,Donor_D1186,53,Female,AB-,Mumbai,XXXXXXXXXX,1,2023,Not Available
D1187,Donor_D1187,52,Male,AB-,Delhi,XXXXXXXXXX,4,2023,Not Available
D1188,Donor_D1188,36,Female,A+,Jaipur,XXXXXXXXXX,1,2025,Available
D1189,Donor_D1189,37,Female,AB-,Pune,XXXXXXXXXX,2,2025,Not Available
D1190,Donor_D1190,35,Male,O-,Indore,XXXXXXXXXX,5,2021,Available
D1191,Donor_D1191,58,Female,AB-,Chandigarh,XXXXXXXXXX,8,2021,Not Available
D1192,Donor_D1192,31,Male,B+,Bhopal,XXXXXXXXXX,8,2021,Available
D1193,Donor_D1193,32,Female,AB-,Lucknow,XXXXXXXXXX,3,2025,Available
D1194,Donor_D1194,48,Male,A+,Pune,XXXXXXXXXX,4,2025,Available
D1195,Donor_D1195,18,Male,A-,Kolkata,XXXXXXXXXX,10,2025,Available
D1196,Donor_D1196,20,Female,O+,Indore,XXXXXXXXXX,6,2023,Available
D1197,Donor_D1197,33,Male,B+,Delhi,XXXXXXXXXX,10,2025,Not Available
D1198,Donor_D1198,40,Male,O-,Delhi,XXXXXXXXXX,3,2023,Not Available
D1199,Donor_D1199,28,Male,A-,Pune,XXXXXXXXXX,2,2021,Not Available
D1200,Donor_D1200,29,Male,B+,Noida,XXXXXXXXXX,6,2021,Available
